{
  "file_stem": "profile_1769050826104",
  "input_luminance": "C:\\Users\\R-06\\Desktop\\final_py_file\\Lser\\profile_1769050826104_luminance.tif",
  "input_depth": "C:\\Users\\R-06\\Desktop\\final_py_file\\Lser\\profile_1769050826104.tif",
  "seg2d_png": "C:\\Users\\R-06\\Desktop\\final_py_file\\Lser\\out_seg_laser\\profile_1769050826104_seg2d.png",
  "seg3d_pcd": null,
  "gap_profile": {
    "orientation": {
      "end_gap": 8.2,
      "Px": 8.846,
      "Px_3d": 14.063,
      "Py": 10.932,
      "Pz": -0.141,
      "start_pixel": [
        1585,
        389
      ],
      "end_pixel": [
        1667,
        389
      ],
      "start_world": [
        158.1430206298828,
        158.7226104736328,
        85.13024139404297
      ],
      "end_world": [
        166.98867797851562,
        169.654541015625,
        84.9893798828125
      ],
      "delta_roll_deg": null,
      "delta_pitch_deg": -0.446,
      "delta_yaw_deg": -0.159,
      "LA_test_pitch": -0.01,
      "LA_test_yaw": 0.783
    },
    "pipe1": {
      "r": 82.67069684583687,
      "t_mm": [
        158.1430206298828,
        158.7226104736328,
        85.13024139404297
      ],
      "roll_deg": null,
      "pitch_deg": 0.248,
      "yaw_deg": 0.101
    },
    "pipe2": {
      "r": 82.61266830901619,
      "t_mm": [
        166.98867797851562,
        169.654541015625,
        84.9893798828125
      ],
      "roll_deg": null,
      "pitch_deg": -0.198,
      "yaw_deg": -0.058
    }
  },
  "cylinder_params": {
    "cyl1": {
      "p0": [
        152.90017700195312,
        158.7133331298828,
        85.1529312133789
      ],
      "v": [
        0.9999890923500061,
        0.0017702572513371706,
        -0.0043276650831103325
      ],
      "r": 82.67069684583687,
      "r_axis_trim": 82.67076973538742
    },
    "cyl2": {
      "p0": [
        172.1003875732422,
        169.64938354492188,
        85.007080078125
      ],
      "v": [
        0.9999935030937195,
        -0.0010087206028401852,
        0.0034624363761395216
      ],
      "r": 82.61266830901619,
      "r_axis_trim": 82.60620603877955
    },
    "endface_center": {
      "c1": [
        158.1430206298828,
        158.7226104736328,
        85.13024139404297
      ],
      "c2": [
        166.98867797851562,
        169.654541015625,
        84.9893798828125
      ],
      "peL": [
        158.5,
        155.60000610351562,
        166.3409423828125
      ],
      "peR": [
        166.6999969482422,
        155.60000610351562,
        164.2705841064453
      ]
    }
  }
}